id,name,label,game_mode,time
1,throwing_knife,Throwing Knife,mw_mp,2023-11-16 09:55:53.691
2,c4,C4,mw_mp,2023-11-16 09:55:53.691
3,semtex,Semtex,mw_mp,2023-11-16 09:55:53.691
4,frag,Frag Grenade,mw_mp,2023-11-16 09:55:53.691
5,molotov,Molotov,mw_mp,2023-11-16 09:55:53.691
6,at_mine,Mine,mw_mp,2023-11-16 09:55:53.691
7,claymore,Claymore,mw_mp,2023-11-16 09:55:53.691
8,thermite,Termite,mw_mp,2023-11-16 09:55:53.691
9,throwing_knife_fire,Throwing Fire Knife,mw_mp,2023-11-16 09:55:53.691
10,throwing_knife_electric,Throwing Electric Knife,mw_mp,2023-11-16 09:55:53.691
11,throwing_knife_drill,Throwing Drill Knife,mw_mp,2023-11-16 09:55:53.691
12,rock,Rock,mw_wz,2023-11-16 09:55:53.691
