id,name,label,game_mode,time
1,eod,E.O.D.,mw_mp,2023-11-16 09:50:49.443
2,guerrilla,Ghost,mw_mp,2023-11-16 09:50:49.443
3,warhead,Amped,mw_mp,2023-11-16 09:50:49.443
4,surveillance,High Alert,mw_mp,2023-11-16 09:50:49.443
5,quick_fix,Quick Fix,mw_mp,2023-11-16 09:50:49.443
6,hustle,Double Time,mw_mp,2023-11-16 09:50:49.443
8,munitions_2,Overkill,mw_mp,2023-11-16 09:50:49.443
9,covert_ops,Cold Blooded,mw_mp,2023-11-16 09:50:49.443
10,huntmaster,Tracker,mw_mp,2023-11-16 09:50:49.443
11,scavenger_plus,Scavenger,mw_mp,2023-11-16 09:50:49.443
12,tac_resist,Battle Hardened,mw_mp,2023-11-16 09:50:49.443
13,tune_up,Tune Up,mw_mp,2023-11-16 09:50:49.443
14,blastshield,Blast Shield,mw_mp,2023-11-16 09:50:49.443
16,restock,Restock,mw_mp,2023-11-16 09:50:49.443
17,extra_shrapnel,Shrapnel,mw_mp,2023-11-16 09:50:49.443
18,strategist,Pointman,mw_mp,2023-11-16 09:50:49.443
19,hardline,Hardline,mw_mp,2023-11-16 09:50:49.443
20,tactical_recon,Engineer,mw_mp,2023-11-16 09:50:49.443
21,heavy_metal,kill Chain,mw_mp,2023-11-16 09:50:49.443
7,twoprimaries,Two Primaries,mw_mp,2023-11-16 09:50:49.443
15,extra_deadly,Extra Deadly,mw_mp,2023-11-16 09:50:49.443
22,br_advancedscout,Combat Scout,mw_wz,2023-11-16 09:50:49.443
23,br_reinforced,Tempered,mw_wz,2023-11-16 09:50:49.443
24,br_serpentine,Serpentine,mw_wz,2023-11-16 09:50:49.443
