id,name,label,game_mode,time
1,dm,,mw_mp,2023-11-16 09:48:14.377
2,sd,Search & Destroy,mw_mp,2023-11-16 09:48:14.377
3,arm,Ground War,mw_mp,2023-11-16 09:48:14.377
4,ctf,,mw_mp,2023-11-16 09:48:14.377
5,dom,Domination,mw_mp,2023-11-16 09:48:14.377
6,gun,Gun Game,mw_mp,2023-11-16 09:48:14.377
7,oic,,mw_mp,2023-11-16 09:48:14.377
8,tdm,,mw_mp,2023-11-16 09:48:14.377
9,conf,Kill Confirmed,mw_mp,2023-11-16 09:48:14.377
10,grnd,,mw_mp,2023-11-16 09:48:14.377
11,koth,Hardpoint,mw_mp,2023-11-16 09:48:14.377
12,tdef,Team Defender,mw_mp,2023-11-16 09:48:14.377
13,arena,Arena,mw_mp,2023-11-16 09:48:14.377
14,cyber,Cyber Attack,mw_mp,2023-11-16 09:48:14.377
15,dd_hc,,mw_mp,2023-11-16 09:48:14.377
16,dm_hc,,mw_mp,2023-11-16 09:48:14.377
17,grind,Grind,mw_mp,2023-11-16 09:48:14.377
18,hq_hc,Headquarters Hardcore,mw_mp,2023-11-16 09:48:14.377
19,rugby,,mw_mp,2023-11-16 09:48:14.377
20,siege,,mw_mp,2023-11-16 09:48:14.377
21,dom_hc,Domination Hardcore,mw_mp,2023-11-16 09:48:14.377
22,infect,Infected,mw_mp,2023-11-16 09:48:14.377
23,sd_cdl,,mw_mp,2023-11-16 09:48:14.377
24,tdm_hc,,mw_mp,2023-11-16 09:48:14.377
25,war_hc,Team Deathmatch Hardcore,mw_mp,2023-11-16 09:48:14.377
26,conf_hc,Kill Confirmed Hardcore,mw_mp,2023-11-16 09:48:14.377
27,control,,mw_mp,2023-11-16 09:48:14.377
28,grnd_hc,,mw_mp,2023-11-16 09:48:14.377
29,cyber_hc,Cyber Attack Hardcore,mw_mp,2023-11-16 09:48:14.377
30,gunfight,,mw_mp,2023-11-16 09:48:14.377
31,koth_cdl,,mw_mp,2023-11-16 09:48:14.377
32,gun_rambo,,mw_mp,2023-11-16 09:48:14.377
33,control_cdl,,mw_mp,2023-11-16 09:48:14.377
34,koth_diehard,,mw_mp,2023-11-16 09:48:14.377
35,br_25,BR Trios,mw_wz,2023-11-16 09:48:14.377
36,br_74,BR Trios,mw_wz,2023-11-16 09:48:14.377
37,br_77,BR Scopes & Scatterguns,mw_wz,2023-11-16 09:48:14.377
38,br_87,BR Solos,mw_wz,2023-11-16 09:48:14.377
39,br_88,BR Duos,mw_wz,2023-11-16 09:48:14.377
40,br_89,BR Quads,mw_wz,2023-11-16 09:48:14.377
41,br_brduos,BR Duos,mw_wz,2023-11-16 09:48:14.377
42,br_brsolo,BR Solos,mw_wz,2023-11-16 09:48:14.377
43,br_dealer,BR Dealer,mw_wz,2023-11-16 09:48:14.377
44,br_dmz_76,Plunder Duos,mw_wz,2023-11-16 09:48:14.377
45,br_dmz_85,Plunder Quads,mw_wz,2023-11-16 09:48:14.377
46,br_hc_dom,,mw_wz,2023-11-16 09:48:14.377
47,br_plnbld,Plunder Blood Money,mw_wz,2023-11-16 09:48:14.377
48,br_br_duos,BR Duos,mw_wz,2023-11-16 09:48:14.377
49,br_br_real,Realism Battle Royale,mw_wz,2023-11-16 09:48:14.377
50,br_br_solo,BR Solos,mw_wz,2023-11-16 09:48:14.377
51,br_brbbduo,BR Buy Back Duos,mw_wz,2023-11-16 09:48:14.377
52,br_brquads,BR Quads,mw_wz,2023-11-16 09:48:14.377
53,br_brtrios,BR Trios,mw_wz,2023-11-16 09:48:14.377
54,br_dmz_104,Blood Money,mw_wz,2023-11-16 09:48:14.377
55,br_gxp_gov,Ghosts of Verdansk,mw_wz,2023-11-16 09:48:14.377
56,brtdm_rmbl,,mw_wz,2023-11-16 09:48:14.377
57,br_br_quads,Battle Royale Quads,mw_wz,2023-11-16 09:48:14.377
58,br_br_solos,,mw_wz,2023-11-16 09:48:14.377
59,br_br_trios,BR Trios,mw_wz,2023-11-16 09:48:14.377
60,br_brbbquad,BR Buy Back Quads,mw_wz,2023-11-16 09:48:14.377
61,br_brbbsolo,BR Buy Back Solos,mw_wz,2023-11-16 09:48:14.377
62,br_brbbtrio,BR Buy Back Trios,mw_wz,2023-11-16 09:48:14.377
63,br_brduohwn,BR Duo Die,mw_wz,2023-11-16 09:48:14.377
64,br_brhwnquad,BR Monster Quads,mw_wz,2023-11-16 09:48:14.377
65,br_brsolohwn,BR Solo Survivor,mw_wz,2023-11-16 09:48:14.377
66,br_rbrthquad,Rebirth Quads,mw_wz,2023-11-16 09:48:14.377
67,br_brdov_dov2,The Destruction of Verdansk Part 2,mw_wz,2023-11-16 09:48:14.377
68,br_brhwntrios,BR Monster Trios,mw_wz,2023-11-16 09:48:14.377
69,br_brz_brduos,BR Duos,mw_wz,2023-11-16 09:48:14.377
70,br_dmz_plnbld,Blood Money,mw_wz,2023-11-16 09:48:14.377
71,br_dmz_plnduo,Plunder Duos,mw_wz,2023-11-16 09:48:14.377
72,br_exfiltrios,Exfiltration Trios,mw_wz,2023-11-16 09:48:14.377
73,br_reveal_dov,,mw_wz,2023-11-16 09:48:14.377
74,br_brz_brquads,BR Quads,mw_wz,2023-11-16 09:48:14.377
75,br_brz_brtrios,BR Trios,mw_wz,2023-11-16 09:48:14.377
76,br_rebirth_rex,Rebirth Extreme,mw_wz,2023-11-16 09:48:14.377
77,br_dmz_plndcndy,Plunder: Candy Collector,mw_wz,2023-11-16 09:48:14.377
78,br_dmz_plndquad,Plunder Quads,mw_wz,2023-11-16 09:48:14.377
79,br_dmz_plndval1,Love and Plunder,mw_wz,2023-11-16 09:48:14.377
80,br_dmz_plntrios,Plunder Trios,mw_wz,2023-11-16 09:48:14.377
81,br_dmz_plunquad,Plunder Quads,mw_wz,2023-11-16 09:48:14.377
82,br_rumble_clash,Clash,mw_wz,2023-11-16 09:48:14.377
83,brtdm_wzrumval2,,mw_wz,2023-11-16 09:48:14.377
84,br_buy_back_duos,BR Buy Back Duos,mw_wz,2023-11-16 09:48:14.377
85,br_buy_back_solo,BR Buy Back Solos,mw_wz,2023-11-16 09:48:14.377
86,br_dmz_plndtrios,Plunder Trios,mw_wz,2023-11-16 09:48:14.377
87,br_dmz_pluntrios,Plunder Trios,mw_wz,2023-11-16 09:48:14.377
88,br_jugg_jugpmpkn,Juggernaut Royale,mw_wz,2023-11-16 09:48:14.377
89,br_reveal_2_dov2,,mw_wz,2023-11-16 09:48:14.377
90,br_buy_back_quads,BR Buy Back Quads,mw_wz,2023-11-16 09:48:14.377
91,br_buy_back_trios,BR Buy Back Trios,mw_wz,2023-11-16 09:48:14.377
92,br_dmz_bldmnytrio,Blood Money Trios,mw_wz,2023-11-16 09:48:14.377
93,br_vg_royale_duos,Vanguard Royale Duos,mw_wz,2023-11-16 09:48:14.377
94,br_vg_royale_solo,Vanguard Royale Solos,mw_wz,2023-11-16 09:48:14.377
95,br_brduostim_name2,BR Stimulus Duos,mw_wz,2023-11-16 09:48:14.377
96,br_jugg_brquadjugr,Juggernaut Royale Quads,mw_wz,2023-11-16 09:48:14.377
97,br_jugg_brtriojugr,Juggernaut Royale Trios,mw_wz,2023-11-16 09:48:14.377
98,br_mini_miniroyale,Mini Royale,mw_wz,2023-11-16 09:48:14.377
99,br_payload_payload,Payload,mw_wz,2023-11-16 09:48:14.377
100,br_rebirth_rbrthex,Resurgence Extreme,mw_wz,2023-11-16 09:48:14.377
101,br_vg_royale_quads,Vanguard Royale Quads,mw_wz,2023-11-16 09:48:14.377
102,br_brtriostim_name2,BR Stimulus Trios,mw_wz,2023-11-16 09:48:14.377
103,br_dmz_vg_pln_quads,Vanguard Plunder Quads,mw_wz,2023-11-16 09:48:14.377
104,br_dmz_vg_pln_trios,Vanguard Plunder Trios,mw_wz,2023-11-16 09:48:14.377
105,dd,,mw_mp,2023-11-16 09:48:14.377
106,hq,Headquarters,mw_mp,2023-11-16 09:48:14.377
107,war,Team Deathmatch,mw_mp,2023-11-16 09:48:14.377
108,sd_hc,Search & Destroy Hardcore,mw_mp,2023-11-16 09:48:14.377
109,koth_hc,Hardpoint Hardcore,mw_mp,2023-11-16 09:48:14.377
110,br_71,BR Solos,mw_wz,2023-11-16 09:48:14.377
111,br_dmz_38,Blood Money,mw_wz,2023-11-16 09:48:14.377
112,br_dbd_dbd,Iron Trials 84,mw_wz,2023-11-16 09:48:14.377
113,br_brthquad,BR 200 Quads,mw_wz,2023-11-16 09:48:14.377
114,br_zxp_zmbroy,Zombie Royale,mw_wz,2023-11-16 09:48:14.377
115,br_vov_op_flash,Operation: Flashback,mw_wz,2023-11-16 09:48:14.377
116,br_dmz_bldmnyquad,Blood Money Quads,mw_wz,2023-11-16 09:48:14.377
117,br_vg_royale_trios,Vanguard Royale Trios,mw_wz,2023-11-16 09:48:14.377
118,br_payload_pay_port,Payload - Port,mw_wz,2023-11-16 09:48:14.377
119,br_payload_pay_prom,Payload - Promenade,mw_wz,2023-11-16 09:48:14.377
120,br_bodycount_pwergrb,Power Grab,mw_wz,2023-11-16 09:48:14.377
121,br_rebirth_rbrthduos,Resurgence Duos,mw_wz,2023-11-16 09:48:14.377
122,br_rebirth_rbrthquad,Resurgence Quads,mw_wz,2023-11-16 09:48:14.377
123,br_rebirth_vg_res_44,Vanguard Resurgence,mw_wz,2023-11-16 09:48:14.377
124,br_rebirth_rbrthtrios,Resurgence Trios,mw_wz,2023-11-16 09:48:14.377
125,br_rebirth_rebirth_rex,Rebirth Resurgence Extreme,mw_wz,2023-11-16 09:48:14.377
126,br_rebirth_shsnp_name3,Scopes and Scatter Guns: Rebirth,mw_wz,2023-11-16 09:48:14.377
127,br_truckwar_trwarsqads,Armored Royale,mw_wz,2023-11-16 09:48:14.377
128,br_dbd_iron_trials_duos,Iron Trials 84 Duos,mw_wz,2023-11-16 09:48:14.377
129,br_kingslayer_kingtrios,King Slayer Trios,mw_wz,2023-11-16 09:48:14.377
130,br_rumble_clash_caldera,Clash Caldera,mw_wz,2023-11-16 09:48:14.377
131,br_truckwar_trwarsquads,Armored Royale Quads,mw_wz,2023-11-16 09:48:14.377
132,brtdm_rebirth_wz_rumble,,mw_wz,2023-11-16 09:48:14.377
133,br_dbd_iron_trials_quads,Iron Trials Quads,mw_wz,2023-11-16 09:48:14.377
134,br_dbd_iron_trials_solos,Iron Trials 84 Solos,mw_wz,2023-11-16 09:48:14.377
135,br_dbd_iron_trials_trios,Iron Trials Trios,mw_wz,2023-11-16 09:48:14.377
136,br_kingslayer_kingsltrios,King Slayer Trios,mw_wz,2023-11-16 09:48:14.377
137,br_rebirth_cal_res_royale,Caldera Resurgence Quads,mw_wz,2023-11-16 09:48:14.377
138,br_rebirth_resurgence_mini,Verdansk Resurgence Mini,mw_wz,2023-11-16 09:48:14.377
139,br_rebirth_resurgence_trios,Verdansk Resurgence Trios,mw_wz,2023-11-16 09:48:14.377
140,br_rumble_lua_menu_mp/clash,Clash,mw_wz,2023-11-16 09:48:14.377
141,br_rebirth_calderaresurgence,Caldera Resurgence,mw_wz,2023-11-16 09:48:14.377
142,br_rebirth_mini_royale_quads,Rebirth Mini Royale Quads,mw_wz,2023-11-16 09:48:14.377
143,br_lep_br_lep_event/ltm_gamemode,Last Hours of Verdansk,mw_wz,2023-11-16 09:48:14.377
144,br_mendota_playlist_wz330/op_mon,Operation Monarch,mw_wz,2023-11-16 09:48:14.377
145,br_mini_rebirth_mini_royale_duos,Rebirth Mini Royale Duos,mw_wz,2023-11-16 09:48:14.377
146,br_mini_rebirth_mini_royale_solo,Rebirth Mini Royale Solos,mw_wz,2023-11-16 09:48:14.377
147,br_kingslayer_rebirth_king_slayer,Rebirth King Slayer,mw_wz,2023-11-16 09:48:14.377
148,br_mini_rebirth_mini_royale_quads,Rebirth Mini Royale Quads,mw_wz,2023-11-16 09:48:14.377
149,br_mini_rebirth_mini_royale_trios,Rebirth Mini Royale Trios,mw_wz,2023-11-16 09:48:14.377
150,br_olaride_playlist_wz350/olaride,Operation: Last Call,mw_wz,2023-11-16 09:48:14.377
151,br_respect_playlist_wz335/respect,Champions of Caldera,mw_wz,2023-11-16 09:48:14.377
152,br_dbd_playlist_wz330/cal_iron_duo,Caldera Iron Trials Duos,mw_wz,2023-11-16 09:48:14.377
153,br_dbd_playlist_wz320/rbrthdbd_duos,Iron Trials Rebirth Duos,mw_wz,2023-11-16 09:48:14.377
154,br_dbd_playlist_wz330/cal_iron_duos,Iron Trials Duos,mw_wz,2023-11-16 09:48:14.377
155,br_gold_war_playlist_wz340/gld_pldr,Gold War Plunder,mw_wz,2023-11-16 09:48:14.377
156,br_dbd_playlist_wz320/rbrthdbd_quads,Iron Trials Rebirth Quads,mw_wz,2023-11-16 09:48:14.377
157,br_dbd_playlist_wz320/rbrthdbd_solos,Iron Trials Rebirth Solos,mw_wz,2023-11-16 09:48:14.377
158,br_dbd_playlist_wz320/rbrthdbd_trios,Iron Trials Rebirth Trios,mw_wz,2023-11-16 09:48:14.377
159,br_dbd_playlist_wz330/cal_iron_quads,Caldera Iron Trials Quads,mw_wz,2023-11-16 09:48:14.377
160,br_dbd_playlist_wz330/cal_iron_solos,Iron Trials Solos,mw_wz,2023-11-16 09:48:14.377
161,br_dbd_playlist_wz330/cal_iron_trios,Caldera Iron Trials Trios,mw_wz,2023-11-16 09:48:14.377
162,br_dmz_playlist_wz325/rbrthbmo_quads,Rebirth Quads,mw_wz,2023-11-16 09:48:14.377
163,br_playlist_wz325/br_aprl_fool_name4,,mw_wz,2023-11-16 09:48:14.377
164,br_x2_br_reveal_x2_event/event_title_x2,The Battle of Verdansk,mw_wz,2023-11-16 09:48:14.377
165,br_rebirth_playlist_wz325/afd_resurgence,Totally Normal Rebirth,mw_wz,2023-11-16 09:48:14.377
166,br_tdbd_playlist_wz345/cal_titanium_duos,Titanium Trials Duos,mw_wz,2023-11-16 09:48:14.377
167,br_tdbd_playlist_wz345/cal_titanium_solo,Titanium Trials Solos,mw_wz,2023-11-16 09:48:14.377
168,br_tdbd_playlist_wz345/cal_titanium_quads,Titanium Trials Quads,mw_wz,2023-11-16 09:48:14.377
169,br_tdbd_playlist_wz345/cal_titanium_trios,Titanium Trials Trios,mw_wz,2023-11-16 09:48:14.377
170,br_rebirth_playlist_wz340/fortkeep_extreme,Fortunes Keep Extreme,mw_wz,2023-11-16 09:48:14.377
171,br_rebirth_playlist_wz340/fortkeep_res_duos,Fortunes Keep Resurgence Duos,mw_wz,2023-11-16 09:48:14.377
172,br_rebirth_playlist_wz340/fortkeep_res_quad,Fortunes Keep Resurgence Quads,mw_wz,2023-11-16 09:48:14.377
173,br_rebirth_playlist_wz340/fortkeep_res_solo,Fortunes Keep Resurgence Solos,mw_wz,2023-11-16 09:48:14.377
174,br_rebirth_reverse_playlist_wz325/rbrthduos,Rebirth Resurgence Duos,mw_wz,2023-11-16 09:48:14.377
175,br_rebirth_reverse_playlist_wz325/rbrthquad,Rebirth Resurgence Quads,mw_wz,2023-11-16 09:48:14.377
176,br_rebirth_playlist_wz340/fortkeep_res_trios,Fortunes Keep Resurgence Trios,mw_wz,2023-11-16 09:48:14.377
177,br_rebirth_reverse_playlist_wz325/rbrthsolos,Rebirth Resurgence Solos,mw_wz,2023-11-16 09:48:14.377
178,br_rebirth_reverse_playlist_wz325/rbrthtrios,Rebirth Resurgence Trios,mw_wz,2023-11-16 09:48:14.377
179,br_rumble_playlist_wz340/storage_town_clash_title,Storage Town Clash,mw_wz,2023-11-16 09:48:14.377
180,br_rebirth_reverse_playlist_wz340/fortkeep_res_solo,Fortunes Keep Resurgence Solos,mw_wz,2023-11-16 09:48:14.377
181,dem,,cw_mp,2024-01-03 09:35:07.81
182,patrol,,vg_mp,2024-01-03 09:35:12.275
183,br_rebirth_dbd_reverse_playlist_wz355/res_trials_solos,,mw_wz,2024-01-07 07:29:45.276
184,br_respect_playlist_wz345/respect_solo,,mw_wz,2024-01-07 07:29:45.282
185,fireteam_dirty_bomb,,cw_mp,2024-01-07 08:49:18.493
186,war12v12,,cw_mp,2024-01-07 08:49:18.506
187,dom10v10,,cw_mp,2024-01-07 08:49:18.524
188,scream,,cw_mp,2024-01-07 08:51:36.215
189,dem_hc,,cw_mp,2024-01-07 08:51:36.274
190,br_mini_minibrtrios,,mw_wz,2024-01-07 09:18:41.924
191,arena_evo_doubles,,vg_mp,2024-01-07 09:22:51.012
192,fireteam_elimination,,cw_mp,2024-01-07 09:22:51.028
193,prop,,cw_mp,2024-01-07 09:22:51.053
194,vip,,cw_mp,2024-01-07 09:22:51.064
