id,name,label,game_mode,time
1,radar_drone_overwatch,Radar Drone,mw_mp,2023-11-16 09:55:53.686
2,uav,UAV,mw_mp,2023-11-16 09:55:53.686
3,toma_strike,Cluster Strike,mw_mp,2023-11-16 09:55:53.686
4,precision_airstrike,Precision Airstrike,mw_mp,2023-11-16 09:55:53.686
5,gunship,Gunship,mw_mp,2023-11-16 09:55:53.686
6,sentry_gun,Sentry Gun,mw_mp,2023-11-16 09:55:53.686
7,chopper_support,Chopper Support,mw_mp,2023-11-16 09:55:53.686
8,hover_jet,Jet VTOL,mw_mp,2023-11-16 09:55:53.686
9,airdrop,Air Drop,mw_mp,2023-11-16 09:55:53.686
10,cruise_predator,Missile Cruise,mw_mp,2023-11-16 09:55:53.686
11,chopper_gunner,Chopper Gunner,mw_mp,2023-11-16 09:55:53.686
12,juggernaut,Juggernaut,mw_mp,2023-11-16 09:55:53.686
13,pac_sentry,Wheelson,mw_mp,2023-11-16 09:55:53.686
14,scrambler_drone_guard,UAV di disturbo,mw_mp,2023-11-16 09:55:53.686
15,manual_turret,Manual Turret,mw_mp,2023-11-16 09:55:53.686
16,white_phosphorus,White Phosphorus,mw_mp,2023-11-16 09:55:53.686
17,directional_uav,UAV avanzato,mw_mp,2023-11-16 09:55:53.686
18,airdrop_multiple,Airdrop Multiple,mw_mp,2023-11-16 09:55:53.686
19,bradley,Bradley,mw_mp,2023-11-16 09:55:53.686
