id,name,label,game_mode,time
1,iw8_ar_t9damage,AR_AK-47,mw_mp,2023-11-16 09:55:53.7
2,iw8_pi_papa320,M19,mw_mp,2023-11-16 09:55:53.7
3,iw8_pi_golf21,X16,mw_mp,2023-11-16 09:55:53.7
4,iw8_fists,Fists,mw_mp,2023-11-16 09:55:53.7
5,iw8_lm_mkilo3,M249 SAW,mw_mp,2023-11-16 09:55:53.7
6,iw8_pi_mike1911,Pistol 1911,mw_mp,2023-11-16 09:55:53.7
7,iw8_ar_scharlie,Vipera nera,mw_mp,2023-11-16 09:55:53.7
8,iw8_me_t9sledgehammer,Special_Sledgehammer,mw_mp,2023-11-16 09:55:53.7
9,iw8_pi_mike9,Renetti,mw_mp,2023-11-16 09:55:53.7
10,iw8_sm_beta,Bizon,mw_mp,2023-11-16 09:55:53.7
11,iw8_sm_secho,Skorpion EVO,mw_mp,2023-11-16 09:55:53.7
12,iw8_me_riotshield,Riot Shield,mw_mp,2023-11-16 09:55:53.7
13,iw8_ar_valpha,AS VAL,mw_mp,2023-11-16 09:55:53.7
14,iw8_lm_slima,RAAL MG,mw_mp,2023-11-16 09:55:53.7
15,iw8_ar_mcharlie,Ghiandaia azzurra,mw_mp,2023-11-16 09:55:53.7
16,iw8_sh_dpapa12,R9-0,mw_mp,2023-11-16 09:55:53.7
17,iw8_la_rpapa7,RPG-7,mw_mp,2023-11-16 09:55:53.7
18,iw8_me_akimboblunt,Kali Sticks,mw_mp,2023-11-16 09:55:53.7
19,iw8_sm_augolf,AUG,mw_mp,2023-11-16 09:55:53.7
20,iw8_ar_t9fastburst,,mw_mp,2023-11-16 09:55:53.7
21,iw8_sh_t9fullauto,Shotgun_Streetsweeper,mw_mp,2023-11-16 09:55:53.7
22,iw8_sm_t9capacity,SMG_Bullfrog,mw_mp,2023-11-16 09:55:53.7
23,iw8_pi_t9fullauto,Pistol_AMP63,mw_mp,2023-11-16 09:55:53.7
24,iw8_sn_t9quickscope,Sniper_Pelington 703,mw_mp,2023-11-16 09:55:53.7
25,iw8_sm_t9spray,SMG_PPsh-41,mw_mp,2023-11-16 09:55:53.7
26,iw8_pi_t9burst,Pistol_Diamatti,mw_mp,2023-11-16 09:55:53.7
27,iw8_pi_t9semiauto,Pistol_1911,mw_mp,2023-11-16 09:55:53.7
28,iw8_sm_t9fastfire,SMG_MAC-10,mw_mp,2023-11-16 09:55:53.7
29,iw8_pi_t9revolver,Pistol_Magnum,mw_mp,2023-11-16 09:55:53.7
30,iw8_lm_pkilo,PKM,mw_mp,2023-11-16 09:55:53.7
31,iw8_lm_t9light,LMG_RPD,mw_mp,2023-11-16 09:55:53.7
32,iw8_sh_t9pump,Shotgun_Hauer 77,mw_mp,2023-11-16 09:55:53.7
33,iw8_sm_t9handling,SMG_Milano 821,mw_mp,2023-11-16 09:55:53.7
34,iw8_sm_t9standard,SMG_MP5,mw_mp,2023-11-16 09:55:53.7
35,iw8_sn_t9powersemi,Sniper_M82,mw_mp,2023-11-16 09:55:53.7
36,iw8_lm_t9accurate,LMG_Stoner 63,mw_mp,2023-11-16 09:55:53.7
37,iw8_ar_t9longburst,AR_M16,mw_mp,2023-11-16 09:55:53.7
38,iw8_ar_t9fastfire,AR_FFAR,mw_mp,2023-11-16 09:55:53.7
39,iw8_lm_t9slowfire,LMG_M60,mw_mp,2023-11-16 09:55:53.7
40,iw8_sn_t9damagesemi,Sniper_Type 63,mw_mp,2023-11-16 09:55:53.7
41,iw8_ar_akilo47,AK-47,mw_mp,2023-11-16 09:55:53.7
42,iw8_sn_t9standard,Sniper_LW3 - Tundra,mw_mp,2023-11-16 09:55:53.7
43,iw8_sm_t9heavy,SMG_AK-74u,mw_mp,2023-11-16 09:55:53.7
44,iw8_sn_t9crossbow,Crossbow,mw_mp,2023-11-16 09:55:53.7
45,iw8_ar_t9accurate,AR_Krig 6,mw_mp,2023-11-16 09:55:53.7
46,iw8_sh_t9semiauto,Shotgun_Gallo SA12,mw_mp,2023-11-16 09:55:53.7
47,iw8_sm_t9powerburst,SMG_AUG,mw_mp,2023-11-16 09:55:53.7
48,iw8_ar_t9slowhandling,AR_Fara 83,mw_mp,2023-11-16 09:55:53.7
49,iw8_sm_t9burst,SMG_KSP 45,mw_mp,2023-11-16 09:55:53.7
50,iw8_sn_t9precisionsemi,Sniper_DMR 14,mw_mp,2023-11-16 09:55:53.7
51,iw8_la_t9freefire,Launcher_RPG-7,mw_mp,2023-11-16 09:55:53.7
52,iw8_ar_t9mobility,AR_QBZ-83,mw_mp,2023-11-16 09:55:53.7
53,iw8_ar_galima,CR-56 AMAX,mw_mp,2023-11-16 09:55:53.7
54,iw8_ar_t9fasthandling,AR_Groza,mw_mp,2023-11-16 09:55:53.7
55,iw8_ar_asierra12,Oden,mw_mp,2023-11-16 09:55:53.7
56,iw8_pi_mike,Sykov,mw_mp,2023-11-16 09:55:53.7
57,iw8_sm_smgolf45,Striker 45,mw_mp,2023-11-16 09:55:53.7
58,iw8_sh_romeo870,Remington 870 MCS,mw_mp,2023-11-16 09:55:53.7
59,iw8_sn_t9cannon,Sniper_ZRG 20mm,mw_mp,2023-11-16 09:55:53.7
60,iw8_sm_uzulu,Uzi,mw_mp,2023-11-16 09:55:53.7
61,iw8_sm_t9accurate,SMG_LC10,mw_mp,2023-11-16 09:55:53.7
62,iw8_sm_victor,Vector,mw_mp,2023-11-16 09:55:53.7
63,iw8_la_t9standard,Launcher_Cigma 2,mw_mp,2023-11-16 09:55:53.7
64,iw8_la_t9launcher,Launcher_M79,mw_mp,2023-11-16 09:55:53.7
65,iw8_ar_mike4,M4A1,mw_mp,2023-11-16 09:55:53.7
66,iw8_ar_t9standard,AR_XM4,mw_mp,2023-11-16 09:55:53.7
67,iw8_lm_kilo121,M91,mw_mp,2023-11-16 09:55:53.7
68,iw8_pi_cpapa,.357 Magnum,mw_mp,2023-11-16 09:55:53.7
69,iw8_la_gromeo,PILA,mw_mp,2023-11-16 09:55:53.7
70,iw8_lm_lima86,L86 LSW,mw_mp,2023-11-16 09:55:53.7
71,iw8_pi_decho,Desert Eagle,mw_mp,2023-11-16 09:55:53.7
72,iw8_sn_kilo98,Kar98k,mw_mp,2023-11-16 09:55:53.7
73,iw8_sm_mpapa7,MP7,mw_mp,2023-11-16 09:55:53.7
74,iw8_sn_crossbow,Crossbow,mw_mp,2023-11-16 09:55:53.7
75,iw8_sh_oscar12,Origin 12,mw_mp,2023-11-16 09:55:53.7
76,iw8_ar_tango21,TAR-21,mw_mp,2023-11-16 09:55:53.7
77,iw8_la_kgolf,Strela-P,mw_mp,2023-11-16 09:55:53.7
78,iw8_sn_sbeta,MK2 Carbine,mw_mp,2023-11-16 09:55:53.7
79,iw8_sh_charlie725,725,mw_mp,2023-11-16 09:55:53.7
80,iw8_sn_mike14,M14 EBR,mw_mp,2023-11-16 09:55:53.7
81,iw8_sn_alpha50,AX-50,mw_mp,2023-11-16 09:55:53.7
82,iw8_lm_mgolf34,MG34,mw_mp,2023-11-16 09:55:53.7
83,iw8_sm_papa90,P90,mw_mp,2023-11-16 09:55:53.7
84,iw8_sn_hdromeo,HDR,mw_mp,2023-11-16 09:55:53.7
85,iw8_ar_falpha,FAMAS,mw_mp,2023-11-16 09:55:53.7
86,iw8_sm_mpapa5,MP5,mw_mp,2023-11-16 09:55:53.7
87,iw8_ar_kilo433,Kilo 141,mw_mp,2023-11-16 09:55:53.7
88,iw8_ar_falima,FAL,mw_mp,2023-11-16 09:55:53.7
89,iw8_sh_mike26,VLK Rogue,mw_mp,2023-11-16 09:55:53.7
90,iw8_la_mike32,War Machine,mw_mp,2023-11-16 09:55:53.7
91,iw8_lm_mgolf36,Holger-26,mw_mp,2023-11-16 09:55:53.7
92,iw8_sn_delta,Dragunov,mw_mp,2023-11-16 09:55:53.7
93,iw8_ar_sierra552,Grau 5.56,mw_mp,2023-11-16 09:55:53.7
94,iw8_la_juliet,Javelin,mw_mp,2023-11-16 09:55:53.7
95,throwingknife_mp,Throwing Knife,mw_mp,2023-11-16 09:55:53.7
96,concussion_grenade_mp,Stun Grenade,mw_mp,2023-11-16 09:55:53.7
97,claymore_radial_mp,Claymore Radial,mw_mp,2023-11-16 09:55:53.7
98,iw8_sn_romeo700,SP-R 208,mw_mp,2023-11-16 09:55:53.7
99,claymore_mp,Claymore,mw_mp,2023-11-16 09:55:53.7
100,iw8_sm_charlie9,ISO,mw_mp,2023-11-16 09:55:53.7
101,iw8_me_akimboblades,Kodachi doppie,mw_mp,2023-11-16 09:55:53.7
102,iw8_knifestab,Ballistic Knife,mw_mp,2023-11-16 09:55:53.7
103,iw8_sh_aalpha12,AA-12,mw_mp,2023-11-16 09:55:53.7
104,iw8_sn_xmike109,Rytec AMR,mw_mp,2023-11-16 09:55:53.7
105,at_mine_mp,Mine,mw_mp,2023-11-16 09:55:53.7
106,semtex_xmike109_mp,Explosive Rytec AMR,mw_mp,2023-11-16 09:55:53.7
107,iw8_ar_anovember94,AN-94,mw_mp,2023-11-16 09:55:53.7
108,dragonsbreath_mp,Dragonsbreath,mw_mp,2023-11-16 09:55:53.7
109,iw8_knife,Knife,mw_mp,2023-11-16 09:55:53.7
110,support_box_mp,Support Box,mw_mp,2023-11-16 09:55:53.7
111,frag_grenade_mp,Frag Grenade,mw_mp,2023-11-16 09:55:53.7
112,c4_mp_p,C4,mw_mp,2023-11-16 09:55:53.7
113,iw8_lm_sierrax,FiNN,mw_mp,2023-11-16 09:55:53.7
114,thermite_ap_mp,Thermite,mw_mp,2023-11-16 09:55:53.7
115,thermite_mp,Thermite,mw_mp,2023-11-16 09:55:53.7
116,thermite_av_mp,Thermite,mw_mp,2023-11-16 09:55:53.7
117,molotov_mp,Molotov,mw_mp,2023-11-16 09:55:53.7
118,snapshot_grenade_mp,Snapshot grenade,mw_mp,2023-11-16 09:55:53.7
119,iw8_sn_sksierra,SKS,mw_mp,2023-11-16 09:55:53.7
120,semtex_mp,Semtex,mw_mp,2023-11-16 09:55:53.7
121,at_mine_ap_mp,Mine,mw_mp,2023-11-16 09:55:53.7
122,flash_grenade_mp,Flash_grenade,mw_mp,2023-11-16 09:55:53.7
123,throwingknife_fire_mp,Throwing Fire Knife,mw_mp,2023-11-16 09:55:53.7
124,smoke_grenade_mp,Smoke Grenade,mw_mp,2023-11-16 09:55:53.7
125,thermite_bolt_radius_mp,Thermite Bolt Radius,mw_mp,2023-11-16 09:55:53.7
126,thermite_bolt_mp,Thermite Bolt,mw_mp,2023-11-16 09:55:53.7
127,thermite_xmike109_radius_mp,Splash Thermite Rytec AMR,mw_mp,2023-11-16 09:55:53.7
128,thermite_xmike109_mp,Thermite Rytec AMR,mw_mp,2023-11-16 09:55:53.7
129,semtex_xmike109_splash_mp,Splash Explosive Rytec AMR,mw_mp,2023-11-16 09:55:53.7
130,trophy_mp,Trophy,mw_mp,2023-11-16 09:55:53.7
131,iw8_sm_t9cqb,CX-9 WAFFENSCHMIED,mw_mp,2023-11-16 09:55:53.7
132,iw8_sn_t9accurate,Sniper_Swiss K31,mw_mp,2023-11-16 09:55:53.7
133,iw8_sm_t9season6,,mw_mp,2023-11-16 09:55:53.7
134,iw8_me_t9sai,,mw_mp,2023-11-16 09:55:53.7
135,s4_ar_stango44temp,,mw_mp,2023-11-16 09:55:53.7
136,iw8_ar_t9british,,mw_mp,2023-11-16 09:55:53.7
137,iw8_lm_t9fastfire,LMG_Ameli,mw_mp,2023-11-16 09:55:53.7
138,iw8_ar_t9season6,,mw_mp,2023-11-16 09:55:53.7
139,iw8_sm_t9semiauto,,mw_mp,2023-11-16 09:55:53.7
140,iw8_sh_t9leveraction,,mw_mp,2023-11-16 09:55:53.7
141,iw8_me_t9machete,Special_Machete,mw_mp,2023-11-16 09:55:53.7
142,iw8_ar_t9slowfire,AR_C58,mw_mp,2023-11-16 09:55:53.7
143,iw8_me_t9wakizashi,Special_Wakizashi,mw_mp,2023-11-16 09:55:53.7
144,iw8_me_t9loadout,Special_Knife,mw_mp,2023-11-16 09:55:53.7
145,s4_sn_m1golftemp,,mw_mp,2023-11-16 09:55:53.7
146,iw8_sm_t9nailgun,SMG_Nailgun,mw_mp,2023-11-16 09:55:53.7
147,iw8_pi_t9pistolshot,,mw_mp,2023-11-16 09:55:53.7
148,iw8_me_t9ballisticknife,Special_Ballistic Knife,mw_mp,2023-11-16 09:55:53.7
149,iw8_me_t9etool,Special_Shovel,mw_mp,2023-11-16 09:55:53.7
150,iw8_sn_t9longburst,,mw_mp,2023-11-16 09:55:53.7
151,s4_ar_stango44,STG-44,mw_mp,2023-11-16 09:55:53.7
152,s4_pi_mike1911,M1911,mw_mp,2023-11-16 09:55:53.7
153,s4_pi_ttango33,Tokarev TT-33,mw_mp,2023-11-16 09:55:53.7
154,s4_ar_chotel41,NZ-41,mw_mp,2023-11-16 09:55:53.7
155,s4_sm_tyankee100,Type 100,mw_mp,2023-11-16 09:55:53.7
156,s4_sm_owhiskey,Owen Gun,mw_mp,2023-11-16 09:55:53.7
157,s4_sm_mpapa40,MP40,mw_mp,2023-11-16 09:55:53.7
158,s4_ar_fecho,Automaton,mw_mp,2023-11-16 09:55:53.7
159,s4_sh_lindia98,Double-Barreled Shotgun,mw_mp,2023-11-16 09:55:53.7
160,s4_ar_hyankee44,Cooper Carbine,mw_mp,2023-11-16 09:55:53.7
161,s4_ar_balpha,BAR,mw_mp,2023-11-16 09:55:53.7
162,s4_pi_luniform08,Luger,mw_mp,2023-11-16 09:55:53.7
163,s4_sm_stango5,Sten,mw_mp,2023-11-16 09:55:53.7
164,s4_pi_wecho,Webley,mw_mp,2023-11-16 09:55:53.7
165,s4_sm_guniform45,SMG_H4 Blixen,mw_mp,2023-11-16 09:55:53.7
166,s4_sm_fromeo57,SMG_Marco 5,mw_mp,2023-11-16 09:55:53.7
167,s4_sm_ppapa41,PPSh-41,mw_mp,2023-11-16 09:55:53.7
168,s4_ar_promeo45,AR_Nikita AVT,mw_mp,2023-11-16 09:55:53.7
169,iw8_sm_t9flechette,,mw_mp,2023-11-16 09:55:53.7
170,iw8_ar_t9soviet,AR_Vargo-S,mw_mp,2023-11-16 09:55:53.7
171,s4_sm_wecho43,SMG_Welgun,mw_mp,2023-11-16 09:55:53.7
172,s4_sm_thotel,M1928,mw_mp,2023-11-16 09:55:53.7
173,s4_ar_voscar,AR_Volkssturmgewehr,mw_mp,2023-11-16 09:55:53.7
174,s4_ar_asierra44,AS-44,mw_mp,2023-11-16 09:55:53.7
175,s4_mr_m1golf,M1 Garand,mw_mp,2023-11-16 09:55:53.7
176,s4_pi_malpha96,Machine Pistol (WWII),mw_mp,2023-11-16 09:55:53.7
177,s4_mr_aromeo99,Arisaka,mw_mp,2023-11-16 09:55:53.7
178,iw8_me_t9cane,,mw_mp,2023-11-16 09:55:53.7
179,iw8_sn_precisionsemi,,mw_mp,2023-11-16 09:55:53.7
180,iw8_minigunksjugg,,mw_mp,2023-11-16 09:55:53.7
181,iw8_lm_dblmg,Minigun,mw_mp,2023-11-16 09:55:53.7
182,iw8_me_t9mace,,mw_mp,2023-11-16 09:55:53.7
183,iw8_me_t9bat,Special_Baseball Bat,mw_mp,2023-11-16 09:55:53.7
184,gas_mp,Gas,mw_mp,2023-11-16 09:55:53.7
185,emp_drone_player_mp,EMP Drone,mw_mp,2023-11-16 09:55:53.7
186,semtex_aalpha12_mp,Explosive AA-12,mw_mp,2023-11-16 09:55:53.7
187,semtex_bolt_splash_mp,Splash Explosive Crossbow,mw_mp,2023-11-16 09:55:53.7
188,semtex_bolt_mp,Explosive Crossbow,mw_mp,2023-11-16 09:55:53.7
189,iw8_throwingknife,Throwing Knife,mw_mp,2023-11-16 09:55:53.7
190,throwingknife_electric_mp,Throwing Electric Knife,mw_mp,2023-11-16 09:55:53.7
191,semtex_aalpha12_splash_mp,Splash Explosive AA-12,mw_mp,2023-11-16 09:55:53.7
192,throwingknife_drill_mp,Throwing Drill Knife ,mw_mp,2023-11-16 09:55:53.7
193,iw8_spotter,Spotter,mw_mp,2023-11-16 09:55:53.7
194,bomb_site_mp,Bomb site,mw_mp,2023-11-16 09:55:53.7
195,s4_mr_moscar,Mosin-Nagant,mw_mp,2023-11-16 09:55:53.7
196,s4_mg_dpapa27,DP-28,mw_mp,2023-11-16 09:55:53.7
197,s4_mg_tyankee11,Type 11,mw_mp,2023-11-16 09:55:53.7
198,s4_ar_kgolf40,AR_KG M40,mw_mp,2023-11-16 09:55:53.7
199,s4_mr_ptango41,PTRS-41,mw_mp,2023-11-16 09:55:53.7
200,s4_la_mkilo1,MK11 Launcher,mw_mp,2023-11-16 09:55:53.7
201,s4_mr_kalpha98,Sniper_Kar98k,mw_mp,2023-11-16 09:55:53.7
202,s4_la_palpha42,Panzerfaust 60,mw_mp,2023-11-16 09:55:53.7
203,s4_sm_aromeo43,SMG_Armaguerra 43,mw_mp,2023-11-16 09:55:53.7
204,iw8_me_t9coldwar,,mw_mp,2023-11-16 09:55:53.7
205,s4_mr_gecho43,Gewehr 43,mw_mp,2023-11-16 09:55:53.7
206,s4_me_leiomano,Sawtooth,mw_mp,2023-11-16 09:55:53.7
207,s4_mg_bromeo37,LMG_Bren,mw_mp,2023-11-16 09:55:53.7
208,s4_mg_mgolf42,MG42,mw_mp,2023-11-16 09:55:53.7
209,s4_la_palpha,Panzerschreck,mw_mp,2023-11-16 09:55:53.7
210,s4_la_m1bravo,M1 Bazooka,mw_mp,2023-11-16 09:55:53.7
211,s4_me_knife,Knife,mw_mp,2023-11-16 09:55:53.7
212,s4_sh_mike97,M1897 Trench Gun ,mw_mp,2023-11-16 09:55:53.7
213,s4_mg_malpha7,LMG_Whitley,mw_mp,2023-11-16 09:55:53.7
214,s4_sh_bromeo5,Gracey Auto,mw_mp,2023-11-16 09:55:53.7
215,s4_sh_becho,Shotgun_Einhorn Revolving,mw_mp,2023-11-16 09:55:53.7
216,s4_me_rindigo,Cavalry Shield,mw_mp,2023-11-16 09:55:53.7
217,s4_me_katana,Katana,mw_mp,2023-11-16 09:55:53.7
218,s4_ar_bromeopg,ITRA Burst,mw_mp,2023-11-16 09:55:53.7
219,s4_mr_svictor40,SVT-40,mw_mp,2023-11-16 09:55:53.7
220,s4_mg_aalpha52,LMG_UGM-8,mw_mp,2023-11-16 09:55:53.7
221,s4_me_axe,Melee_Skål Crusher,mw_mp,2023-11-16 09:55:53.7
222,iw8_me_t9battleaxe,,mw_mp,2023-11-16 09:55:53.7
223,s4_me_pdelta,,mw_mp,2023-11-16 09:55:53.7
224,s4_ar_valpha1952,,mw_mp,2023-11-16 09:55:53.7
225,s4_mr_malpha1916,,mw_mp,2023-11-16 09:55:53.7
226,s4_me_sledgehammer,,mw_mp,2023-11-16 09:55:53.7
227,s4_me_icepick,,mw_mp,2023-11-16 09:55:53.7
228,decoy_grenade_mp,Decoy Grenade,mw_mp,2023-11-16 09:55:53.7
229,s4_ar_emike1,AR_EX1,mw_mp,2023-11-16 09:55:53.7
230,s4_sm_salpha26,SMG_RA 225,mw_mp,2023-11-16 09:55:53.7
231,s4_pi_duniform,,mw_mp,2023-11-16 09:55:53.7
232,iw8_me_t9scythe,,mw_mp,2023-11-16 09:55:53.7
233,s4_ar_fnovember2000,,mw_mp,2023-11-16 09:55:53.7
234,s4_mg_sindia510,,mw_mp,2023-11-16 09:55:53.7
