id,name,en,ru
1,en-us,English,Английский
2,ru-ru,Russian,Русский
5,change_lang,Change language to,Сменить язык на
42,user_agent,User agent,Пользовательский заголовок
4,ru,,рус
6,base,,База
7,tracker,,Трекер
8,config,,Конфиг
9,configs,,Конфиги
10,records,,Записи
11,ok,,Ok
12,true,,Правда
13,false,,Ложь
14,type,,Тип
15,yet,,Еще
16,from,,Из
17,limit,,Лимит
19,please,,Пожалуйста
20,retry,,Повторите
21,wait,,Подожди
22,skipped,,Пропущенно
23,exist,,Существует
24,registration,,Регистрация
25,login,,Авторизоваться
26,logout,,Выйти
27,password,,Пароль
28,email,,Почта
29,role,,Роль
30,roles,,Роли
31,language,,Язык
32,authorization,,Авторизация
33,authorized,,Авторизован
34,incorrect,,Неправильный
35,profile,,Профиль
36,guest,,Гость
38,admin,,Админ
39,invalid,,Недействительный
40,token,,Токен
41,allowed,,Разрешен
43,test,,Тест
44,none,,Нет значения
45,page,,Страница
46,pages,,Страниц
47,enter,,Ввести
48,new,,Новое
49,date,,Даты
50,name,,Название
51,source,,Источник
52,value,,Значение
54,copy,,Скопировать
55,set,,Установить
56,rename,,Сменить название
57,up,,Вверх
58,down,,Вниз
59,back,,Назад
60,loading,,Загрузка
61,loaded,,Загружено
62,download,,Загрузить
63,connection,,Соединение
64,connected,,Подключенно
65,select,,Выбрать
66,edit,,Отредактировать
67,complete,,Завершить
68,close,,Закрыть
69,closed,,Закрыто
70,interrupted,,Прервано
71,open,,Открыть
72,save,,Сохранить
73,saved,,Сохранено
74,only,,Только
75,create,,Создать
76,creating,,Создается
77,created,,Создан
78,can't,,Не может
79,be,,Быть
80,cancel,,Отменить
81,debug,,Отладка
82,pars,,Парсить
83,list,,Лист
84,modal,,Модальное окно
85,frontend,,Фронтенд
86,backend,,Бэкенд
87,clear,,Очистить
89,doubles,,Повторяющиеся
90,all,,Все
91,wrong,,Неправильно
92,error,,Ошибка
93,get,,Получить
94,post,,Отправить
95,put,,Изменить
96,delete,,Удалить
97,removed,,Удален
98,change,,Сменить
99,changed,,Измененно
100,changing,,Изменяется
101,short,,Короткий
102,count,,Подсчет
103,alive,,Живым
105,less,,Меньше
106,full,,Полное
107,resolution,,Разрешение
108,click,,Нажмите
109,data,,Данных
110,basic,,Базовый
111,note,,Запись
112,notes,,Записи
113,deleted,,Удаленные
114,photo,,Фото
115,uploading,,Загружается
117,maps,,Карты
118,modes,,Режимы
119,adding,,Добавляется
120,submitting,,Подтверждается
121,clean,,Очистить
122,undo,,Отменить
123,too,,Слишком
124,long,,Длинное
125,maximum,,Максимум
126,symbols,,Символов
127,completed,,Завершенные
128,uncompleted,,Не завершенные
129,submit,,Подтвердить
130,with,,с
131,on,,Включен
132,off,,Выключен
133,best,,Лучший
134,average,,Средний
135,active,,Активен
142,pars_matches_can_take_time,Pars matches can take time,Парсинг матчей может занять некоторое время
159,most_play_with,Most play with,Больше всего игр вместе
160,summary_game_records,Summary game records,Общее количество игр
168,cod,Tracker,Трекер
169,store_data,Store data,Сохранение данных
170,task_queues,Task queues,Очередь задач
211,long_mo,Monday,Понедельник
212,long_tu,Tuesday,Вторник
213,long_we,Wednesday,Среда
214,long_th,Thursday,Четверг
215,long_fr,Friday,Пятница
216,long_sa,Saturday,Суббота
217,long_su,Sunday,Воскресенье
237,battle,Battle.net,Battle.net
238,acti,Acivision ID,Acivision ID
246,search_sample,Search user tag,Поиск юзер тега
247,tracker_search_sample,Search on tracker,Поиск на трекере
263,search_box,Search,Поиск
264,matches_history,Match history,История матчей
266,tracker_search,Search on tracker,Поиск на трекере
271,game_mode,Game Mode,Игровой Мод
272,wz,[Warzone],[Варзон]
243,battle_sample,Stikinson#2924,Stikinson#2924
137,running,,Работает
138,pause,,Пауза
139,pending,,Ожидает
140,waiting,,Ожидает
141,button,,Кнопка
143,now,,Сейчас
145,minutes,,минут
146,minute,,минута
147,hours,,часов
148,days,,дней
149,months,,месяцев
150,month,,месяц
151,uptime,,Время работы
152,ago,,назад
153,show,,Показать
154,hide,,Скрыть
155,target,,Цель
156,info,,Информация
157,optional,,Опционально
158,server,,Сервер
161,log,,Лог
162,logs,,Логи
163,errors,,Ошибки
164,searches,,Поиски
165,ip,,Ип
166,request,,Запрос
171,task,,Задача
172,queues,,Очереди
173,upload,,Загрузить
174,image,,Картинка
175,images,,Картинки
176,label,,Лейбл
177,labels,,Лейблы
178,table,,Таблица
179,tables,,Таблицы
180,rows,,Строки
181,has,,Есть
182,space,,Пробел
183,more,,Больше
184,not,,Не
185,found,,Найдено
187,nothing,,ничего
188,client,,Клиент
189,path,,Путь
190,paths,,Пути
191,header,,Заголовок
193,summary,,Суммарно
194,checked,,Проверенно
195,message,,Сообщение
196,feed,,Лента
197,main,,Главная
198,stats,,Статистика
199,today,,Сегодня
200,week,,Неделя
201,previus,,Предыдущий
202,next,,Следующий
203,year,,Год
204,mo,,Пн
205,tu,,Вт
206,we,,Ср
207,th,,Чт
208,fr,,Пт
209,sa,,Сб
210,su,,Вс
218,is,, 
219,empty,,Пусто
221,expected,,Ожидается
222,public,,Публичный
223,private,,Приватный
224,update,,Обновить
225,updated,,Обновлено
226,updating,,обновляю
227,added,,Добавлен
228,last,,Последний
229,check,,Проверка
230,auto,,Авто
231,already,,Уже
233,registered,,Зарегистрирован
234,search,,Поиск
235,panel,,Панель
236,refresh,,Обновить
239,uno,,uno
240,answer,,Ответ
241,started,,Начал
242,unexpected,,Неожиданный
248,or,,или
249,yes,,да
250,no,,нет
251,non,,не
252,row,,Строка
253,confirm,,Подтвердить
254,platform,,Платформа
255,username,,Ник
256,usernames,,Ники
257,clantag,,Клан тег
258,clantags,,Клан теги
259,tag,,тег
260,restart,,Сбросить
262,shutdown,,Выключить
265,find,,Найти
267,group,,Группа
268,groups,,Группы
269,game,,Игра
270,mode,,Мод
244,acti_sample,Stikinson#1007442,Stikinson#1007442
273,mp,[Multiplayer],[Мультиплеер]
274,mw,MW19,MW19
275,cw,BO,BO
277,mw_mp,Modern Warfare 2019 [Multiplayer],Modern Warfare 2019 [Мультиплеер]
278,mw_wz,Modern Warfare 2019 [Warzone],Modern Warfare 2019 [Варзон]
279,cw_mp,Black Ops - Cold War,Black Ops - Cold War
280,vg_mp,Vanguard,Vanguard
293,timeplayed,Played,Сыгранно
297,kdratio,K/D,У/С
298,damagedone,Damage,Урон
299,longeststreak,Streak,Стрик
302,scoreperminute,PerMinute,В минуту
303,totalxp,Total Xp,Полный счет
53,valid,,Действительное
304,xpearned,Xp earned,Опыта получено
305,startingweaponxp,Starting weapon xp,Начальный опыт оружия
311,damagetaken,Damage taken,Урону получено
313,medalxp,Medal XP,Медаль эксп.
314,matchxp,Match XP,Матч эксп.
315,scorexp,Score XP,Счет эксп.
316,distancetraveled,Distance traveled,Дистанция пройдена
317,percenttimemoving,Percent time moving,Процент времени в движении
318,durationseconds,Duration,Продолжительность
319,playercount,Player count,Счет игрока
320,teamcount,Team count,Счет команды
325,averagespeedduringmatch,Average speed during match,Средняя скорость во время матча
327,seasonrank,Season rank,Сезонный ранг
328,shotsfired,Shots fired,Выстрелов произведенно
329,shotsmissed,Shots missed,Выстрелов мимо
330,shotslanded,Shots landed,Выстрелов в цель
334,gulagkills,Gulag kills,Убийства в гулаге
335,gulagdeaths,Gulag deaths,Смерти в гулаге
340,lethal,Lethal equipment,Летальное снаряжение
341,tactical,Tactical equipment,Тактическое снаряжение
344,no_attachments,No attachments,Без модулей
351,teamplacement,Place,Место
355,default_order,Default order,Упорядочить по умолчанию
374,choose_an_option,Choose an option,Выбрать опцию
378,fullmatches_debug,Fullmatches debug,Полный матч отладка
381,update_players,Current update players,Очередь обновления пользователей
382,update_status,Update status,Статус последнего обновления
383,auto_update,Auto update,Авто обновление
385,clear_players_match_doubles,Clear players match doubles,Очистить дубли матчей для игроков
282,settings,,Настройки
283,games,,Игры
284,in,,в
285,add,,добавить
286,switch,,Сменить
287,enabled,,Включен
288,founds,,Найденные
289,id,,Ид
290,time,,Время
291,player,,Игрок
292,players,,Игроков
294,kill,,Убийство
296,deaths,,Смерти
300,headshots,,В голову
301,assists,,Помощь
306,match,,Матч
307,map,,Карта
308,team,,Команда
309,teams,,Команд
310,duration,,Длительность
312,score,,Счет
321,rank,,Ранг
322,executions,,Казней
323,wallbangs,,Сквозь стену
326,scores,,Счет
331,accuracy,,Точность
332,suicides,,Самоубийств
333,survival,,выживание
336,weapon,,Оружие
337,weapons,,Оружия
338,primary,,Основное
339,secondary,,Вспомогательное
342,loadout,,Снаряжение
343,attachments,,Модули
345,perks,,Бонус
346,extra,,Дополнительный
347,killstreaks,,Экипировка
348,history,,История
349,fullmatch,,Матч
350,follow,,Следовать
352,place,,Место
353,result,,Результат
354,sort,,Сортировать
356,order,,Упорядочить
357,by,,по
358,desc,,Убыванию
359,asc,,Возрастанию
360,matches,,Матчи
361,played,,Сыгранно
362,load,,Загрузить
363,for,,для
364,and,,и
365,was,,было
366,to,,на
367,win,,Победа
368,loss,,Поражение
369,wins,,Побед
370,draw,,Ничья
372,reset,,Сбросить
373,resetting,,Сброс
375,actualize,,Актуализировать
376,start,,Старт
377,fullmatches,,Полный матч
379,successfully,,Успешно
380,status,,Статус
384,monitor,,Монитор
386,queue,,Очередь
387,store,,Хранилище
389,base_stats,Server stats,Статистика сервера
390,tracker_stats,Tracker stats,Статистика трекера
392,matches_stats,Matches stats,Статистика матчей
393,players_username_clantag,Players usernames and clantags,Ники и клан теги игроков
394,games_stats,Game stats,Игровая статистика
395,game_stats,Game stats,Игровая статистика
396,columns,Columns for parsing,Колонки для парсинга
398,all_stats,All summary stats,Суммарная статистика
399,all_additional_stats,All Additional stats,Дополнительная суммарная статистика
407,miscXp,Misc XP,Разное эксп.
186,matchid,Match id,Матч ид
245,uno_sample,18314460775731398053,18314460775731398053
3,en,,англ
18,exceeded,,Превышен
37,user,,Пользователь
88,cleared,,Очищено
104,used,,Использованные
116,formating,,Форматируется
136,end,,Завершенно
144,seconds,,секунд
167,auth,,Авторизация
192,choose,,Выбрать
220,number,,Номер
232,register,,Зарегистрировать
261,reboot,,Перезагрузить
276,vg,,VG
281,translate,,Перевод
295,kills,,Убийства
324,nearmisses,,Непрямое попадание
371,tie,,Ничья
388,users,,Пользователи
391,chart,,График игр
397,scorestreak,,Статистика использований снаряжения
400,support,,Использование поддержки
401,attachment,,Модуль
402,first,,Первый
403,hits,,Попаданий
404,shots,,Выстрелов
405,uses,,Использований
406,current,,Текущий
408,url,,Ссылка
409,level,,Уровень
410,access,,Доступ
411,en_us,English,Английский
412,ru_ru,Russian,Русский
413,translates,,Переводы
414,word,,Слово
416,matches_debug,Matches debug,Дебаг матчи
417,cache,,Кеш
