id,name,en,ru
1,all,All stats,Основная статистика
2,all_additional,Additional all stats,Дополнительная статистика
4,bestkd,Best kd,Рекорд У/С
7,bestspm,Best spm,Рекорд счет в минуту
8,wlratio,Win/Loss ratio,Соотношение побед/поражений
9,bestkills,Best kills,Рекорд убийств
10,bestscore,Best score,Рекорд счета
11,beststabs,Best stabs,Рекорд удара ножом
12,bestdamage,Best damage,Рекорд урона
13,bestdeaths,Best deaths,Рекорд смертей
14,bestdenied,Best denied,Рекорд чужих добиваний
15,bestplants,Best plants,Рекорд минирований
16,totalshots,Total shots,Всего выстрелов
17,bestassists,Best assists,Рекорд помощей
18,bestdefends,Best defends,Рекорд защищенных точек
19,bestdefuses,Best defuses,Рекорд разминирований
20,bestmatchxp,Best match xp,Рекорд матч эксп.
21,bestmedalxp,Best medal xp,Рекорд наградных эксп.
22,bestrescues,Best rescues,Рекорд спасений
23,bestreturns,Best returns,Рекорд возвращений
24,bestscorexp,Best score xp,Рекорд счет эксп.
25,gamesplayed,Games played,Игр сыграно
26,bestcaptures,Best captures,Рекорд захватов
27,bestsetbacks,Best setbacks,Рекорд неудачных захватов
28,scorepergame,Score per game,Средний счет игры
29,winlossratio,Win/Loss ratio,Соотношение побед/поражений
30,bestconfirmed,Best confirmed,Рекорд убийство подтверждено
31,bestfieldgoals,Best field goals,Рекорд полевых целей
32,bestkillchains,Best killchains,Рекорд цепи убийств
33,bestkillstreak,Best killstreak,Рекорд убийств подряд
34,bestsguardwave,Best sguardwave,Рекорд sguard wave
35,besttouchdowns,Best touchdowns,Рекорд touchdowns
36,bestsquardkills,Bests quard kills,Рекорд убийств защитников
37,timeplayedtotal,Time played total,Общее время в игре
38,bestdestructions,Best destructions,Рекорд разрушений
39,bestmatchbonusxp,Best match bonus xp,Рекорд бонусов матча эксп.
40,bestsquardcrates,Best squard crates,Рекорд squard crates
41,currentwinstreak,Current winstreak,Текущий рекорд побед подряд
42,recordkillstreak,Record killstreak,Рекорд убийств подряд
43,recordxpinamatch,Record xp in a match,Рекорд эксп. за матч
44,totalgamesplayed,Total games played,Всего игр сыграно
45,bestsquardrevives,Best squard revives,Рекорд возрождений тимейтов
46,bestkillsasinfected,Best kills as infected,Рекорд убийств инфицированным
47,bestkillsassurvivor,Best kills as survivor,Рекорд убийств выжившим
48,recordkillsinamatch,Record kills in a match,Рекорд убийств за матч
49,recorddeathsinamatch,Record deaths in a match,Рекорд смертей за матч
50,bestsguardweaponlevel,Best sguard weapon level,Лучший уровень оружия
51,recordlongestwinstreak,Record longest win streak,Рекорд побед подряд
52,ekia,Enemies killed in action,Убитых врагов в действии
54,rankxp,Rank xp,Ранг эксп.
66,objectiveekia,Objective enemies killed in action,Целей убито в действии
67,mostkillsinagame,Most kills in a game,Рекорд убийств за игру
68,longestkillstreak,Longest killstreak,Рекорд убийств подряд
69,mostdamageinagame,Most damage in a game,Рекорд урона за игру
70,longestdistancekill,Longest distance kill,Самая длинная дистанция убийства
74,hover_jet,Hover jet,Прикрывающий самолет
76,pac_sentry,Pac sentry,Дистанционный дрон с турелью
77,sentry_gun,Sentry gun,Автоматическая турель
78,toma_strike,Toma strike,Кластерная бомбардировка
79,manual_turret,Manual turret,Ручная турель
80,chopper_gunner,Chopper gunner,Штурмовой вертолет
81,chopper_support,Chopper support,Вертолет поддержки
82,cruise_predator,Cruise Missile,Управляемая ракета
83,white_phosphorus,White phosphorus,Белый фосфор
84,precision_airstrike,Precision airstrike,Прицельный воздушный налет
57,defends,,Защищено
56,carries,,Помощей
55,throws,,Метаний ножа
53,plants,,Минирований
3,ties,,Ничьи
5,losses,,Проигрышей
6,misses,,Промахов
85,uav,,БПЛА
75,juggernaut,,Джаггернаут
72,bradley,,Легкая пехотная машина с пулеметом
71,nuke,,Ядерный удар
65,destructions,,Уничтожений
64,curwinstreak,,Прорыв стрик
63,disables,,Отключений
62,captures,,Захватов
61,returns,,Возвращений
60,offends,,Повреждений
59,escorts,,Сопровождений
87,directional_uav,Orbital uav,Усовершенствованный БПЛА
184,lmgkills,Lmg kills,Убийств пулеметом
88,airdrop_multiple,Airdrop multiple,Множественный воздушный сброс
89,radar_drone_overwatch,Radar drone overwatch,Радарный дрон
90,scrambler_drone_guard,Scrambler drone guard,Дрон для помех
92,extrastat1,Extra Stat,Доп. статистика
93,awardedcount,Awarded count,Наградный счет
94,misc1,Misc 1,Разное 1
95,misc2,Misc 2,Разное 2
96,supers,Equipments,Тактическое снаряжение
97,super_trophy,Trophy system,Активная защита
98,super_ammo_drop,Ammo drop,Ящик с боеприпасами
99,super_emp_drone,Emp drone,Электромагнитный дрон
100,super_armor_drop,Armor drop,Ящик с броней
101,super_deadsilence,Dead silence,Смертельная тишина
102,super_recon_drone,Recon drone,Разведовательный дрон
103,super_supply_drop,Supply drop,Ящик с снабжением
104,super_support_box,Support box,Ящик с поддержкой
105,super_weapon_drop,Weapon drop,Ящик с оружием
106,super_fulton,Fulton,Fulton
107,super_select,Select,Select
108,super_tac_cover,Tac cover,Tac cover
109,super_tac_insert,Tac insert,Tac insert
110,lethals,Lethals equipment,Летальная экипировка
111,equip_c4,C4,Си-4
112,equip_frag,Frag grenade,Осколочная граната
113,equip_semtex,Semtex grenade,Липкая граната
114,equip_at_mine,Mine,Мина
115,equip_molotov,Molotov,Молотов
116,equip_claymore,Claymore,Клеймор
117,equip_thermite,Thermite grenade,Термитная граната
118,equip_throwing_knife,Throwing knife,Метательный нож
119,tacticals,Tacticals equipment,Тактическая экипировка
120,equip_decoy,Decoy grenade,Граната приманка
121,equip_flash,Flash grenade,Ослеплящая граната
122,equip_smoke,Smoke grenade,Дымовая граната
123,equip_hb_sensor,Sensor,Датчик сердцебиения
124,equip_adrenaline,Adrenaline,Адреналин
125,equip_concussion,Stun grenade,Оглушающая граната
126,equip_gas_grenade,Gas grenade,Газовая граната
127,equip_snapshot_grenade,Snapshot grenade,Сканирующая граната
128,weapon_lmg,Light machine guns,Пулемет
129,weapon_smg,SMG,Пистолет пулемёт
130,weapon_melee,Melee,Холодное оружие
131,weapon_other,Other,Остальное
132,weapon_pistol,Pistol,Пистолет
133,weapon_sniper,Sniper,Снайперская винтовка
134,weapon_shotgun,Shotgun,Дробовик
135,weapon_launcher,Launcher,Гранатомет
136,weapon_marksman,Marksman,Винтовка
137,weapon_assault_rifle,Assault rifle,Штурмовая винтовка
141,timeused,Time used,Времени использовано
143,gamesused,Games used,В играх использовано
144,challenge1,Challenge 1,Задание 1
145,challenge2,Challenge 2,Задание 2
146,challenge3,Challenge 3,Задание 3
147,challenge4,Challenge 4,Задание 4
148,challenge5,Challenge 5,Задание 5
149,challenge6,Challenge 6,Задание 6
150,challenge7,Challenge 7,Задание 7
152,ekiadratio,Enemies killed in action ratio,Убитых врагов в действии соотношение
153,killstreak30,killstreak 30,Убийств подряд 30
154,backstabberkill,Backstabber kill,Убийств сзади
155,deathsduringuse,Deaths during use,Смертей при использовании
156,combatrecordstat,Combat record stat,Боевая статистика
157,mastercraftcamoprogression,Mastercraft camo progression,Прогресс открытия раскраски
158,ac130,Gunship,Воздушное судно AC-130
160,hoverjet,Hover jet,Прикрывающий самолет
161,recon_car,Recon car,Развездовательная машина
162,counteruav,Counter uav,Контр-БПЛА
163,jetfighter,Jet fighter,Истребитель
164,planemortar,Plane mortar,Самолетный миномет
165,recon_plane,Recon plane,Разведывательный самолет
166,weapon_armor,Weapon armor,Оружейная броня
167,napalm_strike,Napalm strike,Напалмовый удар
168,sig_bow_flame,Sig bow flame,Sig bow flame
169,remote_missile,Remote missile,Дистанционная ракета
170,ultimate_turret,Ultimate turret,Турель
171,hero_pineapplegun,Hero pineapplegun,Hero pineapplegun
172,supplydrop_marker,Supplydrop marker,Маркировка для сброса припасов
173,helicopter_comlink,Helicopter comlink,Вертолетный comlink
174,no-data,No data,Нет данных
176,arkills,Ar kills,Убийств штурмовой винтовкой
177,c4kills,C4 kills,Убийств Си-4
138,launcher,,Гранатомет
140,used,,Использовано
175,clutch,,Захват
159,sig_lmg,,sig_lmg
139,other,,Остальное
91,uses,,Использований
151,challenges,,Задания
178,gashits,Gas hits,Попаданий газовой гранатой
181,adskills,Ads kills,Ads kills
182,ardeaths,Ar deaths,Смертей от штурмовой винтовки
186,smgkills,Smg kills,Убийств пистолетом-пулеметом
187,stunhits,Stun hits,Попаданий оглушающей гранатой
188,decoyhits,Decoy hits,Попаданий гранатой приманкой
189,fragkills,Frag kills,Убийств осколочной гранатой
190,lmgdeaths,Lmg deaths,Смертей от пулемета
191,mostkills,Most kills,Рекорд убийств
192,smgdeaths,Smg deaths,Смертей от пистолета-пулемета
193,timeprone,Time prone,Время ползком
194,leastkills,Least kills,Наименьшее количество убийств
195,meleekills,Melee kills,Ближних убийств
196,mostdeaths,Most deaths,Рекорд смертей
197,smokesused,Smokes used,Дымовых гранат использованно
198,tagsdenied,Tags denied,Флагов возвращенно
199,ammoboxused,Ammo box used,Ящиком с боеприпасами использованно
200,arheadshots,Ar headshots,Убийств в голову штурмовой винтовкой
201,bombdefused,Bomb defused,Бомб обезвреженно
202,bombplanted,Bomb planted,Бомб заложено
203,leastdeaths,Least deaths,Наименьшее количество смертей
204,longestlife,Longest life,Самая длинное время жизни
205,meleedeaths,Melee deaths,Ближний смертей
206,mostassists,Most assists,Рекорд помощей
207,pistolkills,Pistol kills,Пистолетное убийство
208,semtexkills,Semtex kills,Убийство липкой гранатой
209,sniperkills,Sniper kills,Снайперское убийство
210,timeonpoint,Time on point,Время на точке
211,avengerkills,Avenger kills,Убийств отомщений
212,carrierkills,Carrier kills,Carrier kills
213,classchanges,Class changes,Изменения класса
214,empdronehits,Emp drone hits,Попаданий электромагнитным дроном
215,hipfirekills,Hipfire kills,Убийств от бедра
216,lastsurvivor,Last survivor,Последний выживший
217,leastassists,Least assists,Наименьшая помощь
218,lmgheadshots,Lmg headshots,Убийств пулеметом в голову
219,molotovkills,Molotov kills,Убийств молотовом
220,pistolpeaths,Pistol peaths,Pistol peaths
221,revengekills,Revenge kills,Убийств отомщений
222,shortestlife,Shortest life,Самая короткая жизнь
223,shotgunkills,Shotgun kills,Убийств дробовиком
224,smgheadshots,Smg headshots,Убийств пистолетом-пулеметом в голову
225,snapshothits,Snapshot hits,Попаданий сканирующей гранатой
226,sniperdeaths,Sniper deaths,Снайперских смертей
227,tagscaptured,Tags captured,Флагов взято
228,timecrouched,Time crouched,Время в присяде
229,bombdetonated,Bomb detonated,Бомб взорвано
230,claymorekills,Claymore kills,Убийств клеймором
231,clutchrevives,Clutch revives,Clutch возрождений
232,comebackkills,Comeback kills,Убийств возмездие
233,defenderkills,Defender kills,Убийств защитником
234,firstinfected,First infected,Инфицированный первым
235,flashbanghits,Flashbang hits,Попаданий ослеплящей гранатой
236,infectedkills,Infected kills,Убийств инфицированным
237,killenemyteam,Kill enemy team,Убийств вражеской команды
238,launcherkills,Launcher kills,Убийств гранатометом
239,longshotkills,Longshot kills,Дальних убийств
240,nokillnodeath,No kill no death,Без смертей и убийств
241,shotgundeaths,Shotgun deaths,Смертей дробовиком
242,survivorkills,Survivor kills,Убийств выжившим
243,thermitekills,Thermite kills,Убийств термитом
244,weaponpickups,Weapon pickups,Оружий поднято
245,executionkills,Execution kills,Убийств казнями
246,launcherdeaths,Launcher deaths,Смертей гранатометом
247,mostmultikills,Most multi kills,Рекорд одновременных убийств
248,nokill10deaths,No kill 10 deaths,10 смертей без убийств
249,tagsmegabanked,Tags mega banked,Теги мега банк
250,kills10nodeaths,Kills 10 no deaths,10 убийств без смертей
251,killsfrombehind,Kills from behind,Убийств сзади
252,killstreakkills,Killstreak kills,Убийств экипировкой
253,oneshotonekills,One shot one kills,Убийств одним выстрелом
254,pistolheadshots,Pistol headshots,Убийств пистолетом в голову
255,pointblankkills,Point blank kills,Убийств в упор
256,recondronemarks,Recon drone marks,Пометок с помощью разведовательного дрона
257,skippedkillcams,Skipped kill cams,Пропущено повтора камеры
180,reloads,,Перезарядок
179,pickups,,Поднятий
183,assaults,,Нападений
185,setbacks,,Неудачи
258,sniperheadshots,Sniper headshots,Снайперский выстрел с голову
259,spawnselectbase,Spawn select base,Выбор базы
260,spawnselectflag,Spawn select flag,Выбор спавна
261,tagslargestbank,Tags largest bank,Теги крупнейший банк
262,deadsilencekills,Dead silence kills,Убийств смертельной тишиной
263,deathsfrombehind,Deaths from behind,Смертей сзади
264,highestmultikill,Highest multikill,Рекорд одновременных убийств
265,lowerrankedkills,Lower ranked kills,Убийства с более низким рейтингом
266,nokillswithdeath,No kills with death,Без убийств с смертями
267,penetrationkills,Penetration kills,Убийств через стену
268,shotgunheadshots,Shotgun headshots,Дробовиком в голову
269,spawnselectsquad,Spawn select squad,Выбрано возрождений в отряде
270,stimdamagehealed,Stim damage healed,Урону от стима исцелёно
271,trophysystemhits,Trophy system hits,Попаданий активной защитой
272,distancetravelled,Distance travelled,Дистанция пройдена
273,higherrankedkills,Higher ranked kills,Убийства с более высоким рейтингом
274,launcherheadshots,Launcher headshots,Гранатометом в голову
275,lowestavgaltitude,Lowest avg altitude,Самая низкая средняя высота
276,timespentasdriver,Time spent as driver,Времени потрачего водителем
277,explosionssurvived,Explosions survived,Взрывов пережито
278,highestavgaltitude,Highest avg altitude,Самая высокая средняя высота
279,highestrankedkills,Highest ranked kills,Рекорд ранговых убийств
280,killstreakairkills,Killstreak air kills,Убийств воздушной экипировкой
281,nodeathsfrombehind,No deaths from behind,Без смертей сзади
282,proximityminekills,Proximity mine kills,Убийств миной
283,spawnselectvehicle,Spawn select vehicle,Вызванной техники
284,stoppingpowerkills,Stopping power kills,Убийств улучшенными потронами
285,throwingknifekills,Throwing knife kills,Убийств метательным ножом
286,deployablecoverused,Deployable cover used,Вызванной поддержки использованно
287,killstreaktankkills,Killstreak tank kills,Убийств вызванным танком
288,carepackagescaptured,Carepackages captured,Ящиком с экипировкой взято
289,destroyedkillstreaks,Destroyed killstreaks,Уничтоженно экипировки
290,killstreakuavassists,Killstreak UAV assists,Поддержка БПЛА
291,mostkillsleastdeaths,Most kills least deaths,Рекорд убийств с меньшим количеством смертей
292,timespentaspassenger,Time spent as passenger,Времени потречено как пасажиром
293,timewatchingkillcams,Time watching killcams,Время в просмотре записей убийства
294,killstreakauavassists,Killstreak AUAV assists,Поддержка усовершенствованным БПЛА
295,killstreakcuavassists,Killstreak CUAV assists,Поддержка контр-БПЛА
296,killstreakgroundkills,Killstreak ground kills,Убийств наземной техникой
297,killstreakgunshipkills,Killstreak gunship kills,Убийств воздушным судном AC-130
298,killstreakvtoljetkills,Killstreak vtol jet kills,Убийств прикрывающим самолетом
299,mostkillslongeststreak,Most kills longest streak,Рекорд убийств подряд
300,mostkillsmostheadshots,Most kills most headshots,Рекорд убийства в голову
301,killstreakwheelsonkills,Killstreak wheelson kills,Убийств дистанционным дроном с турелью
302,tacticalinsertionspawns,Tactical insertion spawns,Тактических возрождений
303,killstreakairstrikekills,Killstreak airstrike kills,Убийств прицельным воздушным налетом
304,killstreaksentrygunkills,Killstreak sentry gun kills,Убийств автоматической турелью
305,longesttimespentonweapon,Longest time spent on weapon,Больше всего времени потрачено на оружие
306,riotshielddamageabsorbed,Riot shield damage absorbed,Поглощено урона щитом
307,distancetraveledinvehicle,Distance traveled in vehicle,Дистанции пройдено техникой
308,killstreakcarepackageused,Killstreak care package used,Ящиков с экипировкой использованно
309,killstreakjuggernautkills,Killstreak juggernaut kills,Убийств Джаггернаутом
310,killstreakpersonaluavkills,Killstreak personal UAV kills,Убийств БПЛА
311,timesselectedassquadleader,Times selected as squad leader,Количество раз в качестве лидера отряда
312,killstreakcluserstrikekills,Killstreak cluser strike kills,Убийств кластерной бомбардировкой
313,killstreakshieldturretkills,Killstreak shield turret kills,Убийств ручной турелью
314,killstreakchoppergunnerkills,Killstreak chopper gunner kills,Убийств штурмовым вертолетом
315,killstreakcruisemissilekills,Killstreak cruise missile kills,Убийств управляемой ракетой
316,killstreakchoppersupportkills,Killstreak chopper support kills,Убийств вертолетом поддержки
317,killstreakemergencyairdropused,Killstreak emergency airdrop used,Ящиков с поддержкой использованно
318,killstreakwhitephosphorouskillsassists,Killstreak white phosphorous kills assists,Убийств с помощью белого фосфора
319,highestscore,Highest score,Рекорд счета
320,mostdefends,Most defends,Рекорд защиты точки
321,mostcaptures,Most captures,Рекорд захватов точки
322,c4lethalkills,C4 lethal kills,Си-4 убийства
323,explosivekills,Explosive kills,Убийства взрывчаткой
324,highestedratio,Highest ed ratio,Highest ed ratio
325,mostmeleekills,Most melee kills,Рекорд ближних убийств
326,killstreaksused,Killstreak sused,Экипировки использованно
327,mosteliminations,Most eliminations,Рекорд уничтожений
328,munitionsboxused,Munitions box used,Использований ящика для боеприпасов
329,mostheadshotkills,Most headshot kills,Рекорд убийств в голову
330,thirdhighestscore,Third highest score,Тройка рекорд счета
331,mostfinishingmoves,Most finishing moves,Рекорд добиваний
332,mosttimenearallies,Most time near allies,Рекорд времени рядом с союзниками
333,secondhighestscore,Second highest score,Рекорд счета
334,mosttimenearenemies,Most time near enemies,Рекорд времени рядом с врагом
335,mostkillstreakscalledin,Most killstreak scalled in,Рекорд вызванной экипировки
336,mostkillstreaksdestroyed,Most kill streaks destroyed,Рекорд уничтоженной экипировки
337,mostexplosiveeliminations,Most explosive eliminations,Рекорд уничтожений взрывчаткой
58,defuses,,Обезврежено
142,destroyed,,Уничтожено
86,airdrop,,Воздушный сброс
73,gunship,,Воздушное судно AC-130
338,_test_word_,Test word,Тестовое слово
